{
	"pages": [ //pages数组中第一项表示应用启动页，参考：https://uniapp.dcloud.io/collocation/pages
		{
			"path": "pages/index/index",
			"style": {
				"navigationBarTitleText": "iWeb在线课堂"
			}
		}, {
			"path": "pages/course/course",
			"style": {
				"navigationBarTitleText": "课程",
				"enablePullDownRefresh": true
			}
		}, {
			"path": "pages/teacher/teacher",
			"style": {
				"navigationBarTitleText": "讲师"
			}
		}, {
			"path": "pages/courseDetail/courseDetail",
			"style": {
				"navigationBarTitleText": "课程详情"
			}
		}
	],
	"globalStyle": {
		"navigationBarTextStyle": "white",
		"navigationBarTitleText": "uni-app",
		"navigationBarBackgroundColor": "#548aff",
		"backgroundColor": "#548aff"
	},
	"tabBar": {
		"color": "#C0C0C0",
		"selectedColor": "#548aff",
		"list": [{
			"pagePath": "pages/index/index",
			"iconPath": "static/icon/home.png",
			"selectedIconPath": "static/icon/home_active.png",
			"text": "首页"
		}, {
			"pagePath": "pages/course/course",
			"iconPath": "static/icon/course.png",
			"selectedIconPath": "static/icon/course_active.png",
			"text": "课程"
		}, {
			"pagePath": "pages/teacher/teacher",
			"iconPath": "static/icon/teacher.png",
			"selectedIconPath": "static/icon/teacher_active.png",
			"text": "讲师"
		}]
	}
}
